month,ticket_count,refund_ticket_count,refund_total_inr,csat_mean,csat_response_rate
2025-01,302,58,141048.00,3.582,46.7
2025-02,324,63,177938.00,3.613,43.8
2025-03,427,91,290597.00,3.456,45.2
2025-04,452,79,250089.00,3.517,39.4
2025-05,489,86,217464.00,3.505,43.4
2025-06,447,88,259869.00,3.526,47.7
2025-07,522,119,356986.00,3.608,43.5
2025-08,590,125,367821.00,3.395,45.1
2025-09,731,161,482284.00,3.456,45.6
2025-10,870,185,575637.00,3.575,45.4
2025-11,948,186,575984.00,3.462,47.7
2025-12,860,171,475954.00,3.491,45.9
2026-01,762,153,449868.00,3.482,43.3
2026-02,765,139,372797.00,3.535,50.3
2026-03,834,163,435773.00,3.443,40.3
2026-04,720,154,402265.00,3.424,45.8
2026-05,812,149,426737.00,3.421,45.1
2026-06,745,170,450821.00,3.539,46.0
