month,reason_code,refund_ticket_count,refund_total_inr
2025-01,CANCEL,7,19255.00
2025-01,DOA-REPL,3,7347.00
2025-01,DUP-PAYMENT,10,27759.00
2025-01,GW-OTHER,26,72533.00
2025-01,RETURN-QC-OK,10,11313.00
2025-01,WTY-BUYBACK,2,2841.00
2025-02,CANCEL,9,16260.00
2025-02,DOA-REPL,3,6973.00
2025-02,DUP-PAYMENT,9,28678.00
2025-02,GW-OTHER,23,63091.00
2025-02,LOST-TRANSIT,2,16497.00
2025-02,PRICE-ADJ,1,1999.00
2025-02,RETURN-QC-OK,13,29893.00
2025-02,WTY-BUYBACK,3,14547.00
2025-03,CANCEL,6,18115.00
2025-03,DOA-REPL,8,29488.00
2025-03,DUP-PAYMENT,16,52260.00
2025-03,GW-OTHER,30,98760.00
2025-03,LOST-TRANSIT,1,3999.00
2025-03,PRICE-ADJ,4,9984.00
2025-03,RETURN-QC-OK,24,70743.00
2025-03,WTY-BUYBACK,2,7248.00
2025-04,CANCEL,9,23994.00
2025-04,DOA-REPL,4,10733.00
2025-04,DUP-PAYMENT,10,37716.00
2025-04,GW-OTHER,32,113025.00
2025-04,PRICE-ADJ,4,9922.00
2025-04,RETURN-QC-OK,16,39678.00
2025-04,WTY-BUYBACK,4,15021.00
2025-05,CANCEL,10,27538.00
2025-05,DOA-REPL,2,1699.00
2025-05,DUP-PAYMENT,7,16781.00
2025-05,GW-OTHER,38,91985.00
2025-05,LOST-TRANSIT,1,780.00
2025-05,PRICE-ADJ,6,23270.00
2025-05,RETURN-QC-OK,16,36577.00
2025-05,WTY-BUYBACK,6,18834.00
2025-06,CANCEL,8,19907.00
2025-06,DOA-REPL,7,21894.00
2025-06,DUP-PAYMENT,16,60317.00
2025-06,GW-OTHER,29,77674.00
2025-06,LOST-TRANSIT,1,1499.00
2025-06,PRICE-ADJ,4,7146.00
2025-06,RETURN-QC-OK,18,47333.00
2025-06,WTY-BUYBACK,5,24099.00
2025-07,CANCEL,18,50991.00
2025-07,DOA-REPL,6,17909.00
2025-07,DUP-PAYMENT,19,57226.00
2025-07,GW-OTHER,46,145422.00
2025-07,LOST-TRANSIT,5,12297.00
2025-07,PRICE-ADJ,4,11684.00
2025-07,RETURN-QC-OK,17,51935.00
2025-07,WTY-BUYBACK,4,9522.00
2025-08,CANCEL,12,47505.00
2025-08,DOA-REPL,8,28577.00
2025-08,DUP-PAYMENT,16,42931.00
2025-08,GW-OTHER,49,144550.00
2025-08,LOST-TRANSIT,5,19463.00
2025-08,PRICE-ADJ,2,5377.00
2025-08,RETURN-QC-OK,29,68297.00
2025-08,WTY-BUYBACK,4,11121.00
2025-09,CANCEL,15,40985.00
2025-09,DOA-REPL,11,45393.00
2025-09,DUP-PAYMENT,22,56874.00
2025-09,GW-OTHER,70,230734.00
2025-09,LOST-TRANSIT,3,11997.00
2025-09,PRICE-ADJ,6,14711.00
2025-09,RETURN-QC-OK,28,61145.00
2025-09,WTY-BUYBACK,6,20445.00
2025-10,CANCEL,16,46052.00
2025-10,DOA-REPL,6,19830.00
2025-10,DUP-PAYMENT,33,74406.00
2025-10,GW-OTHER,98,334007.00
2025-10,LOST-TRANSIT,3,3374.00
2025-10,PRICE-ADJ,4,9636.00
2025-10,RETURN-QC-OK,21,73713.00
2025-10,WTY-BUYBACK,4,14619.00
2025-11,CANCEL,10,44825.00
2025-11,DOA-REPL,14,53447.00
2025-11,DUP-PAYMENT,27,74480.00
2025-11,GW-OTHER,82,243878.00
2025-11,LOST-TRANSIT,2,4199.00
2025-11,PRICE-ADJ,4,16446.00
2025-11,RETURN-QC-OK,37,108494.00
2025-11,WTY-BUYBACK,10,30215.00
2025-12,CANCEL,17,58126.00
2025-12,DOA-REPL,8,27633.00
2025-12,DUP-PAYMENT,23,71038.00
2025-12,GW-OTHER,70,183718.00
2025-12,LOST-TRANSIT,4,9896.00
2025-12,PRICE-ADJ,3,5254.00
2025-12,RETURN-QC-OK,40,104301.00
2025-12,WTY-BUYBACK,6,15988.00
2026-01,CANCEL,18,37147.00
2026-01,DOA-REPL,6,21228.00
2026-01,DUP-PAYMENT,29,88358.00
2026-01,GW-OTHER,62,185446.00
2026-01,LOST-TRANSIT,3,7397.00
2026-01,PRICE-ADJ,3,10398.00
2026-01,RETURN-QC-OK,26,80651.00
2026-01,WTY-BUYBACK,6,19243.00
2026-02,CANCEL,7,12666.00
2026-02,DOA-REPL,9,30568.00
2026-02,DUP-PAYMENT,19,62991.00
2026-02,GW-OTHER,63,162060.00
2026-02,LOST-TRANSIT,1,1799.00
2026-02,PRICE-ADJ,7,19819.00
2026-02,RETURN-QC-OK,31,79238.00
2026-02,WTY-BUYBACK,2,3656.00
2026-03,CANCEL,15,18134.00
2026-03,DOA-REPL,14,39541.00
2026-03,DUP-PAYMENT,22,52058.00
2026-03,GW-OTHER,64,175379.00
2026-03,LOST-TRANSIT,6,26153.00
2026-03,PRICE-ADJ,2,15497.00
2026-03,RETURN-QC-OK,32,87240.00
2026-03,WTY-BUYBACK,8,21771.00
2026-04,CANCEL,12,36370.00
2026-04,DOA-REPL,11,23366.00
2026-04,DUP-PAYMENT,12,22001.00
2026-04,GW-OTHER,68,199084.00
2026-04,LOST-TRANSIT,4,9047.00
2026-04,PRICE-ADJ,6,16069.00
2026-04,RETURN-QC-OK,36,80107.00
2026-04,WTY-BUYBACK,5,16221.00
2026-05,CANCEL,9,34227.00
2026-05,DOA-REPL,10,28863.00
2026-05,DUP-PAYMENT,13,19089.00
2026-05,GW-OTHER,70,195452.00
2026-05,LOST-TRANSIT,2,13044.00
2026-05,PRICE-ADJ,5,21770.00
2026-05,RETURN-QC-OK,33,81849.00
2026-05,WTY-BUYBACK,7,32443.00
2026-06,CANCEL,24,60853.00
2026-06,DOA-REPL,17,56701.00
2026-06,DUP-PAYMENT,18,39623.00
2026-06,GW-OTHER,71,190238.00
2026-06,LOST-TRANSIT,4,15116.00
2026-06,PRICE-ADJ,6,8091.00
2026-06,RETURN-QC-OK,25,68879.00
2026-06,WTY-BUYBACK,5,11320.00
