ticket_id,month,agent_id,refund_reason_code,refund_inr,replacement_issued,order_match,matched_order_id,product_sku,planning_replacement_cost_inr,combined_planning_exposure_inr
TK-240050,2025-01,A3031,DOA-REPL,1799.00,Y,order_id_customer_sku_match,VR890106,VA-EB-AIR,1100.00,2899.00
TK-240258,2025-01,A3006,DOA-REPL,4249.00,Y,unique_customer_sku_fallback,VR908452,VA-HP-ST2,2440.00,6689.00
TK-240429,2025-02,A3029,GW-OTHER,2124.00,Y,order_id_customer_sku_match,VR884192,VA-EB-PL1,1460.00,3584.00
TK-240444,2025-02,A3018,WTY-BUYBACK,5999.00,Y,ambiguous_customer_sku_fallback,,VA-SP-ORB,2640.00,8639.00
TK-240483,2025-02,A3025,GW-OTHER,5599.00,Y,order_id_customer_sku_match,VR906638,VA-HP-ST3,2990.00,8589.00
TK-240545,2025-02,A3030,GW-OTHER,6299.00,Y,order_id_customer_sku_match,VR881791,VA-HP-ST3,2990.00,9289.00
TK-240588,2025-02,A3027,GW-OTHER,2499.00,Y,order_id_customer_sku_match,VR908181,VA-EB-PL1,1460.00,3959.00
TK-240759,2025-02,A3030,DOA-REPL,1104.00,Y,order_id_customer_sku_match,VR893379,VA-NB-ARC,880.00,1984.00
TK-240829,2025-03,A3030,GW-OTHER,13998.00,Y,unique_customer_sku_fallback,VR884568,VA-HP-ST3,2990.00,16988.00
TK-240883,2025-03,A3027,DOA-REPL,1619.00,Y,order_id_customer_sku_match,VR904030,VA-EB-AIR,1100.00,2719.00
TK-240960,2025-03,A3030,DOA-REPL,1499.00,Y,ambiguous_customer_sku_fallback,,VA-AC-CH65,950.00,2449.00
TK-240963,2025-03,A3030,GW-OTHER,1599.00,Y,ambiguous_customer_sku_fallback,,VA-SW-FIT,1190.00,2789.00
TK-241027,2025-03,A3020,DOA-REPL,2499.00,Y,unique_customer_sku_fallback,VR887397,VA-EB-PL1,1460.00,3959.00
TK-241062,2025-03,A3018,GW-OTHER,6999.00,Y,unique_customer_sku_fallback,VR890384,VA-HP-ST3,2990.00,9989.00
TK-241269,2025-03,A3035,DOA-REPL,5699.00,Y,order_id_customer_sku_match,VR892044,VA-SP-ORB,2640.00,8339.00
TK-241466,2025-04,A3022,WTY-BUYBACK,2249.00,Y,ambiguous_customer_sku_fallback,,VA-EB-PL1,1460.00,3709.00
TK-241475,2025-04,A3028,WTY-BUYBACK,2374.00,Y,order_id_customer_sku_match,VR883108,VA-EB-PL1,1460.00,3834.00
TK-241575,2025-04,A3037,GW-OTHER,1999.00,Y,order_id_customer_sku_match,VR903628,VA-EB-PL1,1460.00,3459.00
TK-241688,2025-04,A3013,DOA-REPL,1799.00,Y,order_id_customer_sku_match,VR898470,VA-EB-AIR,1100.00,2899.00
TK-241806,2025-04,A3016,DOA-REPL,3598.00,Y,order_id_customer_sku_match,VR888266,VA-EB-AIR,1100.00,4698.00
TK-241897,2025-04,A3018,GW-OTHER,2249.00,Y,order_id_customer_sku_match,VR906729,VA-EB-PL1,1460.00,3709.00
TK-242020,2025-05,A3027,WTY-BUYBACK,5399.00,Y,unique_customer_sku_fallback,VR895271,VA-SP-ORB,2640.00,8039.00
TK-242030,2025-05,A3026,WTY-BUYBACK,1599.00,Y,order_id_customer_sku_match,VR892748,VA-SW-FIT,1190.00,2789.00
TK-242158,2025-05,A3030,GW-OTHER,2998.00,Y,order_id_customer_sku_match,VR909654,VA-AC-CH65,950.00,3948.00
TK-242321,2025-05,A3028,WTY-BUYBACK,6499.00,Y,order_id_customer_sku_match,VR880970,VA-SW-NX2,2790.00,9289.00
TK-242332,2025-05,A3006,GW-OTHER,2499.00,Y,order_id_customer_sku_match,VR883844,VA-EB-PL1,1460.00,3959.00
TK-242534,2025-06,A3003,WTY-BUYBACK,1104.00,Y,order_id_customer_sku_match,VR907976,VA-NB-ARC,880.00,1984.00
TK-242771,2025-06,A3036,GW-OTHER,1529.00,Y,unique_customer_sku_fallback,VR880756,VA-EB-AIR,1100.00,2629.00
TK-242985,2025-06,A3017,GW-OTHER,6999.00,Y,order_id_customer_sku_match,VR901741,VA-HP-ST3,2990.00,9989.00
TK-243085,2025-07,A3030,WTY-BUYBACK,1104.00,Y,unique_customer_sku_fallback,VR900630,VA-NB-ARC,880.00,1984.00
TK-243098,2025-07,A3039,GW-OTHER,2499.00,Y,unique_customer_sku_fallback,VR899468,VA-EB-PL1,1460.00,3959.00
TK-243210,2025-07,A3030,GW-OTHER,2499.00,Y,order_id_customer_sku_match,VR890279,VA-EB-PL1,1460.00,3959.00
TK-243366,2025-07,A3017,WTY-BUYBACK,2374.00,Y,order_id_customer_sku_match,VR903943,VA-EB-PL1,1460.00,3834.00
TK-243402,2025-07,A3027,GW-OTHER,1709.00,Y,order_id_customer_sku_match,VR884737,VA-EB-AIR,1100.00,2809.00
TK-243710,2025-07,A3010,DOA-REPL,4499.00,Y,unique_customer_sku_fallback,VR896854,VA-HP-ST2,2440.00,6939.00
TK-243792,2025-08,A3039,GW-OTHER,5199.00,Y,order_id_customer_sku_match,VR906615,VA-SW-NX2,2790.00,7989.00
TK-243800,2025-08,A3030,WTY-BUYBACK,3324.00,Y,unique_customer_sku_fallback,VR901654,VA-EB-PL2,1820.00,5144.00
TK-243814,2025-08,A3007,GW-OTHER,6499.00,Y,order_id_customer_sku_match,VR880419,VA-SW-NX2,2790.00,9289.00
TK-243961,2025-08,A3017,GW-OTHER,1619.00,Y,unique_customer_sku_fallback,VR885056,VA-EB-AIR,1100.00,2719.00
TK-243993,2025-08,A3007,DOA-REPL,1439.00,Y,unique_customer_sku_fallback,VR908810,VA-EB-AIR,1100.00,2539.00
TK-244040,2025-08,A3037,GW-OTHER,6174.00,Y,unique_customer_sku_fallback,VR883861,VA-SW-NX2,2790.00,8964.00
TK-244176,2025-08,A3037,RETURN-QC-OK,1080.00,Y,unique_customer_sku_fallback,VR887628,VA-SP-ORB,2640.00,3720.00
TK-244185,2025-08,A3036,WTY-BUYBACK,3499.00,Y,order_id_customer_sku_match,VR895804,VA-EB-PL2,1820.00,5319.00
TK-244190,2025-08,A3030,DOA-REPL,6499.00,Y,order_id_customer_sku_match,VR902737,VA-SW-NX2,2790.00,9289.00
TK-244392,2025-08,A3010,GW-OTHER,3149.00,Y,order_id_customer_sku_match,VR898859,VA-EB-PL2,1820.00,4969.00
TK-244500,2025-09,A3027,DOA-REPL,2974.00,Y,order_id_customer_sku_match,VR882499,VA-EB-PL2,1820.00,4794.00
TK-244515,2025-09,A3015,GW-OTHER,1709.00,Y,order_id_customer_sku_match,VR882896,VA-EB-AIR,1100.00,2809.00
TK-244578,2025-09,A3010,DOA-REPL,2974.00,Y,unique_customer_sku_fallback,VR907167,VA-EB-PL2,1820.00,4794.00
TK-244677,2025-09,A3013,GW-OTHER,6999.00,Y,unique_customer_sku_fallback,VR898778,VA-HP-ST3,2990.00,9989.00
TK-244872,2025-09,A3030,GW-OTHER,2124.00,Y,order_id_customer_sku_match,VR894578,VA-EB-PL1,1460.00,3584.00
TK-244910,2025-09,A3003,GW-OTHER,1799.00,Y,unique_customer_sku_fallback,VR898551,VA-EB-AIR,1100.00,2899.00
TK-244966,2025-09,A3030,GW-OTHER,3324.00,Y,order_id_customer_sku_match,VR900494,VA-EB-PL2,1820.00,5144.00
TK-245256,2025-09,A3015,GW-OTHER,6174.00,Y,unique_customer_sku_fallback,VR883861,VA-SW-NX2,2790.00,8964.00
TK-245289,2025-09,A3039,GW-OTHER,3499.00,Y,unique_customer_sku_fallback,VR896702,VA-EB-PL2,1820.00,5319.00
TK-245356,2025-09,A3027,GW-OTHER,2799.00,Y,order_id_customer_sku_match,VR908638,VA-EB-PL2,1820.00,4619.00
TK-245361,2025-09,A3026,WTY-BUYBACK,2499.00,Y,order_id_customer_sku_match,VR882186,VA-EB-PL1,1460.00,3959.00
TK-245423,2025-10,A3036,GW-OTHER,3324.00,Y,order_id_customer_sku_match,VR904281,VA-EB-PL2,1820.00,5144.00
TK-245478,2025-10,A3026,DOA-REPL,1999.00,Y,order_id_customer_sku_match,VR905334,VA-SW-FIT,1190.00,3189.00
TK-245705,2025-10,A3002,GW-OTHER,4248.00,Y,order_id_customer_sku_match,VR880827,VA-EB-PL1,1460.00,5708.00
TK-245777,2025-10,A3036,GW-OTHER,2499.00,Y,order_id_customer_sku_match,VR902885,VA-EB-PL1,1460.00,3959.00
TK-246005,2025-10,A3003,DOA-REPL,4499.00,Y,order_id_customer_sku_match,VR888186,VA-HP-ST2,2440.00,6939.00
TK-246060,2025-10,A3039,GW-OTHER,3149.00,Y,unique_customer_sku_fallback,VR886829,VA-EB-PL2,1820.00,4969.00
TK-246170,2025-10,A3039,GW-OTHER,6999.00,Y,order_id_customer_sku_match,VR901110,VA-HP-ST3,2990.00,9989.00
TK-246171,2025-10,A3030,GW-OTHER,3499.00,Y,order_id_customer_sku_match,VR887053,VA-EB-PL2,1820.00,5319.00
TK-246279,2025-10,A3014,GW-OTHER,1999.00,Y,order_id_customer_sku_match,VR887516,VA-EB-PL1,1460.00,3459.00
TK-246317,2025-10,A3030,GW-OTHER,1799.00,Y,order_id_customer_sku_match,VR880523,VA-EB-AIR,1100.00,2899.00
TK-246825,2025-11,A3030,DOA-REPL,2249.00,Y,ambiguous_customer_sku_fallback,,VA-EB-PL1,1460.00,3709.00
TK-246844,2025-11,A3029,GW-OTHER,6499.00,Y,unique_customer_sku_fallback,VR900565,VA-SW-NX2,2790.00,9289.00
TK-246876,2025-11,A3030,GW-OTHER,5949.00,Y,unique_customer_sku_fallback,VR901342,VA-HP-ST3,2990.00,8939.00
TK-246895,2025-11,A3030,WTY-BUYBACK,3999.00,Y,order_id_customer_sku_match,VR900909,VA-HP-ST2,2440.00,6439.00
TK-246928,2025-11,A3024,GW-OTHER,3324.00,Y,unique_customer_sku_fallback,VR893658,VA-EB-PL2,1820.00,5144.00
TK-247086,2025-11,A3039,GW-OTHER,1599.00,Y,unique_customer_sku_fallback,VR893542,VA-SW-FIT,1190.00,2789.00
TK-247093,2025-11,A3030,GW-OTHER,2499.00,Y,unique_customer_sku_fallback,VR909548,VA-EB-PL1,1460.00,3959.00
TK-247254,2025-11,A3036,GW-OTHER,2499.00,Y,order_id_customer_sku_match,VR899236,VA-EB-PL1,1460.00,3959.00
TK-247267,2025-11,A3016,DOA-REPL,13998.00,Y,unique_customer_sku_fallback,VR905993,VA-HP-ST3,2990.00,16988.00
TK-247297,2025-11,A3030,WTY-BUYBACK,2974.00,Y,order_id_customer_sku_match,VR905861,VA-EB-PL2,1820.00,4794.00
TK-247492,2025-11,A3030,GW-OTHER,1999.00,Y,unique_customer_sku_fallback,VR898913,VA-SW-FIT,1190.00,3189.00
TK-247568,2025-11,A3041,GW-OTHER,1439.00,Y,order_id_customer_sku_match,VR896562,VA-EB-AIR,1100.00,2539.00
TK-247621,2025-11,A3036,GW-OTHER,4999.00,Y,order_id_customer_sku_match,VR894277,VA-HP-ST2,2440.00,7439.00
TK-247933,2025-12,A3026,WTY-BUYBACK,1619.00,Y,order_id_customer_sku_match,VR890543,VA-EB-AIR,1100.00,2719.00
TK-247941,2025-12,A3002,GW-OTHER,6299.00,Y,unique_customer_sku_fallback,VR905264,VA-HP-ST3,2990.00,9289.00
TK-247961,2025-12,A3037,GW-OTHER,3499.00,Y,order_id_customer_sku_match,VR899407,VA-EB-PL2,1820.00,5319.00
TK-247969,2025-12,A3007,GW-OTHER,6499.00,Y,order_id_customer_sku_match,VR907000,VA-SW-NX2,2790.00,9289.00
TK-247997,2025-12,A3025,GW-OTHER,2499.00,Y,unique_customer_sku_fallback,VR900421,VA-SP-MINI,1320.00,3819.00
TK-248082,2025-12,A3022,GW-OTHER,3499.00,Y,order_id_customer_sku_match,VR886568,VA-EB-PL2,1820.00,5319.00
TK-248252,2025-12,A3026,GW-OTHER,2499.00,Y,order_id_customer_sku_match,VR893444,VA-EB-PL1,1460.00,3959.00
TK-248319,2025-12,A3007,WTY-BUYBACK,3324.00,Y,order_id_customer_sku_match,VR903670,VA-EB-PL2,1820.00,5144.00
TK-248413,2025-12,A3029,DOA-REPL,3499.00,Y,unique_customer_sku_fallback,VR894616,VA-EB-PL2,1820.00,5319.00
TK-248507,2025-12,A3009,GW-OTHER,2799.00,Y,order_id_customer_sku_match,VR891628,VA-EB-PL2,1820.00,4619.00
TK-248519,2025-12,A3008,GW-OTHER,6499.00,Y,unique_customer_sku_fallback,VR888766,VA-SW-NX2,2790.00,9289.00
TK-248560,2025-12,A3002,DOA-REPL,6999.00,Y,unique_customer_sku_fallback,VR890269,VA-HP-ST3,2990.00,9989.00
TK-248762,2026-01,A3028,GW-OTHER,2499.00,Y,unique_customer_sku_fallback,VR905770,VA-EB-PL1,1460.00,3959.00
TK-248839,2026-01,A3018,WTY-BUYBACK,3149.00,Y,unique_customer_sku_fallback,VR904172,VA-EB-PL2,1820.00,4969.00
TK-248859,2026-01,A3009,GW-OTHER,2974.00,Y,order_id_customer_sku_match,VR899705,VA-EB-PL2,1820.00,4794.00
TK-248974,2026-01,A3003,WTY-BUYBACK,3499.00,Y,order_id_customer_sku_match,VR904464,VA-EB-PL2,1820.00,5319.00
TK-249161,2026-01,A3018,GW-OTHER,1999.00,Y,unique_customer_sku_fallback,VR906390,VA-EB-PL1,1460.00,3459.00
TK-249172,2026-01,A3029,GW-OTHER,2499.00,Y,ambiguous_customer_sku_fallback,,VA-EB-PL1,1460.00,3959.00
TK-249195,2026-01,A3030,GW-OTHER,5399.00,Y,order_id_customer_sku_match,VR890649,VA-SP-ORB,2640.00,8039.00
TK-249329,2026-01,A3004,GW-OTHER,2799.00,Y,ambiguous_customer_sku_fallback,,VA-EB-PL2,1820.00,4619.00
TK-249353,2026-01,A3018,GW-OTHER,3499.00,Y,order_id_customer_sku_match,VR881902,VA-EB-PL2,1820.00,5319.00
TK-249358,2026-01,A3005,DOA-REPL,1999.00,Y,order_id_customer_sku_match,VR899322,VA-EB-PL1,1460.00,3459.00
TK-249441,2026-01,A3001,DOA-REPL,5524.00,Y,order_id_customer_sku_match,VR904979,VA-SW-NX2,2790.00,8314.00
TK-249761,2026-02,A3032,GW-OTHER,1299.00,Y,order_id_customer_sku_match,VR882333,VA-AC-CASE,960.00,2259.00
TK-249774,2026-02,A3018,GW-OTHER,3149.00,Y,order_id_customer_sku_match,VR897826,VA-EB-PL2,1820.00,4969.00
TK-249810,2026-02,A3010,DOA-REPL,3324.00,Y,order_id_customer_sku_match,VR901731,VA-EB-PL2,1820.00,5144.00
TK-249812,2026-02,A3007,DOA-REPL,3499.00,Y,unique_customer_sku_fallback,VR899387,VA-EB-PL2,1820.00,5319.00
TK-249977,2026-02,A3028,WTY-BUYBACK,3324.00,Y,ambiguous_customer_sku_fallback,,VA-EB-PL2,1820.00,5144.00
TK-250022,2026-02,A3005,GW-OTHER,3324.00,Y,unique_customer_sku_fallback,VR889793,VA-EB-PL2,1820.00,5144.00
TK-250234,2026-02,A3038,DOA-REPL,5524.00,Y,unique_customer_sku_fallback,VR894534,VA-SW-NX2,2790.00,8314.00
TK-250359,2026-02,A3026,GW-OTHER,1999.00,Y,order_id_customer_sku_match,VR881833,VA-EB-PL1,1460.00,3459.00
TK-250370,2026-02,A3016,GW-OTHER,3149.00,Y,order_id_customer_sku_match,VR901768,VA-EB-PL2,1820.00,4969.00
TK-250499,2026-02,A3005,GW-OTHER,1439.00,Y,unique_customer_sku_fallback,VR891472,VA-EB-AIR,1100.00,2539.00
TK-250576,2026-02,A3022,DOA-REPL,319.00,Y,order_id_customer_sku_match,VR887988,VA-AC-CBL,430.00,749.00
TK-250633,2026-02,A3026,GW-OTHER,1699.00,Y,unique_customer_sku_fallback,VR881201,VA-SW-FIT,1190.00,2889.00
TK-250694,2026-03,A3003,DOA-REPL,1799.00,Y,unique_customer_sku_fallback,VR885950,VA-EB-AIR,1100.00,2899.00
TK-250701,2026-03,A3010,GW-OTHER,2249.00,Y,order_id_customer_sku_match,VR899037,VA-EB-PL1,1460.00,3709.00
TK-250704,2026-03,A3030,WTY-BUYBACK,1999.00,Y,unique_customer_sku_fallback,VR903208,VA-SP-MINI,1320.00,3319.00
TK-250827,2026-03,A3016,DOA-REPL,1999.00,Y,unique_customer_sku_fallback,VR899009,VA-EB-PL1,1460.00,3459.00
TK-250833,2026-03,A3029,WTY-BUYBACK,1999.00,Y,order_id_customer_sku_match,VR891600,VA-SW-FIT,1190.00,3189.00
TK-250886,2026-03,A3041,GW-OTHER,12348.00,Y,order_id_customer_sku_match,VR900202,VA-SW-NX2,2790.00,15138.00
TK-250974,2026-03,A3028,GW-OTHER,3499.00,Y,unique_customer_sku_fallback,VR900981,VA-EB-PL2,1820.00,5319.00
TK-250977,2026-03,A3006,GW-OTHER,3499.00,Y,order_id_customer_sku_match,VR882817,VA-EB-PL2,1820.00,5319.00
TK-251031,2026-03,A3014,GW-OTHER,6649.00,Y,order_id_customer_sku_match,VR902518,VA-HP-ST3,2990.00,9639.00
TK-251248,2026-03,A3005,GW-OTHER,4999.00,Y,order_id_customer_sku_match,VR888273,VA-SW-NX1,2240.00,7239.00
TK-251284,2026-03,A3031,GW-OTHER,1662.00,Y,unique_customer_sku_fallback,VR904229,VA-EB-PL2,1820.00,3482.00
TK-251319,2026-03,A3024,WTY-BUYBACK,1299.00,Y,order_id_customer_sku_match,VR883631,VA-NB-ARC,880.00,2179.00
TK-251410,2026-03,A3010,GW-OTHER,5599.00,Y,unique_customer_sku_fallback,VR905910,VA-HP-ST3,2990.00,8589.00
TK-251476,2026-03,A3031,DOA-REPL,1299.00,Y,unique_customer_sku_fallback,VR890468,VA-AC-CASE,960.00,2259.00
TK-251537,2026-03,A3003,WTY-BUYBACK,3149.00,Y,order_id_customer_sku_match,VR898989,VA-EB-PL2,1820.00,4969.00
TK-251571,2026-03,A3017,WTY-BUYBACK,1299.00,Y,order_id_customer_sku_match,VR908339,VA-NB-ARC,880.00,2179.00
TK-251620,2026-03,A3013,GW-OTHER,1299.00,Y,order_id_customer_sku_match,VR897550,VA-NB-ARC,880.00,2179.00
TK-251635,2026-03,A3016,DOA-REPL,2499.00,Y,unique_customer_sku_fallback,VR896026,VA-EB-PL1,1460.00,3959.00
TK-251655,2026-03,A3030,WTY-BUYBACK,3499.00,Y,order_id_customer_sku_match,VR893480,VA-EB-PL2,1820.00,5319.00
TK-251706,2026-03,A3004,GW-OTHER,3499.00,Y,order_id_customer_sku_match,VR908740,VA-EB-PL2,1820.00,5319.00
TK-251840,2026-04,A3030,GW-OTHER,3499.00,Y,order_id_customer_sku_match,VR881852,VA-EB-PL2,1820.00,5319.00
TK-251880,2026-04,A3017,WTY-BUYBACK,3499.00,Y,order_id_customer_sku_match,VR882803,VA-EB-PL2,1820.00,5319.00
TK-251991,2026-04,A3030,DOA-REPL,1799.00,Y,order_id_customer_sku_match,VR882201,VA-EB-AIR,1100.00,2899.00
TK-252010,2026-04,A3031,GW-OTHER,6999.00,Y,order_id_customer_sku_match,VR906674,VA-HP-ST3,2990.00,9989.00
TK-252024,2026-04,A3027,GW-OTHER,2499.00,Y,order_id_customer_sku_match,VR884950,VA-EB-PL1,1460.00,3959.00
TK-252146,2026-04,A3032,DOA-REPL,2374.00,Y,unique_customer_sku_fallback,VR898365,VA-EB-PL1,1460.00,3834.00
TK-252466,2026-04,A3013,WTY-BUYBACK,2499.00,Y,order_id_customer_sku_match,VR898020,VA-SP-MINI,1320.00,3819.00
TK-252675,2026-05,A3040,GW-OTHER,2499.00,Y,order_id_customer_sku_match,VR908098,VA-SP-MINI,1320.00,3819.00
TK-252678,2026-05,A3030,GW-OTHER,2799.00,Y,order_id_customer_sku_match,VR906781,VA-EB-PL2,1820.00,4619.00
TK-252703,2026-05,A3008,GW-OTHER,7998.00,Y,order_id_customer_sku_match,VR888761,VA-HP-ST2,2440.00,10438.00
TK-252982,2026-05,A3030,WTY-BUYBACK,3499.00,Y,order_id_customer_sku_match,VR903695,VA-EB-PL2,1820.00,5319.00
TK-253345,2026-05,A3017,GW-OTHER,2124.00,Y,unique_customer_sku_fallback,VR895926,VA-SP-MINI,1320.00,3444.00
TK-253349,2026-05,A3016,DOA-REPL,2974.00,Y,unique_customer_sku_fallback,VR881919,VA-EB-PL2,1820.00,4794.00
TK-253515,2026-05,A3014,WTY-BUYBACK,3499.00,Y,unique_customer_sku_fallback,VR901335,VA-EB-PL2,1820.00,5319.00
TK-253569,2026-05,A3036,GW-OTHER,1999.00,Y,order_id_customer_sku_match,VR884091,VA-SW-FIT,1190.00,3189.00
TK-253599,2026-05,A3039,GW-OTHER,4749.00,Y,order_id_customer_sku_match,VR889923,VA-SW-NX1,2240.00,6989.00
TK-253615,2026-06,A3011,GW-OTHER,2974.00,Y,order_id_customer_sku_match,VR882229,VA-EB-PL2,1820.00,4794.00
TK-253810,2026-06,A3037,DOA-REPL,2499.00,Y,order_id_customer_sku_match,VR891747,VA-SP-MINI,1320.00,3819.00
TK-253903,2026-06,A3009,DOA-REPL,6499.00,Y,unique_customer_sku_fallback,VR904223,VA-SW-NX2,2790.00,9289.00
TK-253997,2026-06,A3027,GW-OTHER,6299.00,Y,order_id_customer_sku_match,VR882872,VA-HP-ST3,2990.00,9289.00
TK-254064,2026-06,A3001,GW-OTHER,3149.00,Y,unique_customer_sku_fallback,VR892779,VA-EB-PL2,1820.00,4969.00
TK-254135,2026-06,A3041,WTY-BUYBACK,2799.00,Y,unique_customer_sku_fallback,VR885619,VA-EB-PL2,1820.00,4619.00
TK-254172,2026-06,A3039,GW-OTHER,6499.00,Y,order_id_customer_sku_match,VR890959,VA-SW-NX2,2790.00,9289.00
TK-254202,2026-06,A3003,GW-OTHER,1709.00,Y,order_id_customer_sku_match,VR893231,VA-EB-AIR,1100.00,2809.00
TK-254226,2026-06,A3013,DOA-REPL,3324.00,Y,order_id_customer_sku_match,VR892986,VA-EB-PL2,1820.00,5144.00
TK-254298,2026-06,A3022,GW-OTHER,1299.00,Y,unique_customer_sku_fallback,VR898545,VA-NB-ARC,880.00,2179.00
TK-254328,2026-06,A3008,GW-OTHER,3149.00,Y,unique_customer_sku_fallback,VR897926,VA-EB-PL2,1820.00,4969.00
TK-254348,2026-06,A3044,GW-OTHER,1709.00,Y,unique_customer_sku_fallback,VR890646,VA-EB-AIR,1100.00,2809.00
TK-254381,2026-06,A3006,GW-OTHER,1709.00,Y,order_id_customer_sku_match,VR908615,VA-EB-AIR,1100.00,2809.00
TK-254465,2026-06,A3036,GW-OTHER,3324.00,Y,order_id_customer_sku_match,VR896666,VA-EB-PL2,1820.00,5144.00
TK-254466,2026-06,A3026,GW-OTHER,1699.00,Y,order_id_customer_sku_match,VR885191,VA-SW-FIT,1190.00,2889.00
TK-254521,2026-06,A3006,GW-OTHER,2124.00,Y,order_id_customer_sku_match,VR905218,VA-EB-PL1,1460.00,3584.00
